"","PC1","PC2","PC3","PC4","PC5","PC6","PC7","PC8","PC9","PC10","PC11","PC12","PC13"
"1",-3.30742097428922,1.43940225318229,-0.165272829781969,0.215024628867915,0.691093349130915,0.223250365750907,0.594748830681527,-0.0649558620082425,-0.639638362654441,1.01808396013894,0.450293172440455,0.53928914389848,-0.0660523052546582
"2",-2.20324981342022,-0.332455071194185,-2.02075706047949,0.29053874322892,-0.256929866171014,0.924512305791444,0.0536243449885699,-1.02153432441906,0.307977983612371,0.159252140787981,0.142256018790731,0.387145649892669,0.00362627319080694
"3",-2.50966069476186,1.02825072429419,0.980054055255305,-0.72286319904968,-0.2503269758058,-0.547730963308119,0.423012184349323,0.343247870025653,1.17452128758799,0.113041978878684,0.28586645250266,0.000581931623219734,0.0216554230528803
"4",-3.746497190498,2.74861839085853,-0.175696224221358,-0.566385601916763,-0.310964397918333,-0.114109112070146,-0.382258990279206,-0.641783105241453,-0.052396616923541,0.23873915043793,-0.75744764312906,-0.241338775739872,-0.368444193960431
"5",-1.0060704895977,0.867384035075405,2.02098725655185,0.408613139693387,0.297617958468684,0.405376083200334,0.442825305824036,-0.415528314581685,-0.325899840412227,-0.0781460413646554,0.524465628583288,-0.216054693420712,-0.079140320154511
"6",-3.04167372561127,2.11643091683107,-0.627625371139986,0.514187034575263,-0.630240899761541,-0.123083354051923,0.400523928172148,-0.393782607502636,0.151718097725543,-0.10170890759159,-0.404444426739312,-0.378365360587876,0.144747017152542
"7",-2.44220051482514,1.17154534273535,-0.974346376434898,0.0656453269952575,-1.0248708712061,0.618376376956238,0.0527419497548124,0.370887632301122,0.455730294339184,1.01370392170675,0.441188870104936,0.140832572272196,-0.271013687296156
"8",-2.0536437885938,1.60443714359377,0.145870400156247,1.18925326944048,0.0766871685043761,1.43575612113564,0.0322845215623254,-0.23232359673626,-0.123023282414585,0.733530844616413,-0.292729104973169,0.378595054823826,-0.109853901957188
"9",-2.50381134586223,0.915488474138309,-1.76598738859201,-0.0561120757934491,-0.889747106835338,0.128817668706395,0.12493265131003,0.498172619039385,-0.604882895811351,0.173616860820844,0.507501293168545,-0.633462414235021,0.141683862889918
"10",-2.74588238273254,0.787217029001898,-0.981478855371221,-0.34839877714308,-0.46723506146573,-0.162932038599611,-0.871892740056432,-0.150155930977783,-0.229840798864019,0.178915403995741,-0.0124430705841512,0.548778784083608,-0.0423354301341991
"11",-3.46994837450078,1.29866984523335,-0.421546085627263,-0.0267662555765492,-0.337422948554812,0.182387139211719,0.24746431660091,1.20321683555285,0.52309837603297,-0.213934102859596,-0.730454089642115,-0.0810835396805972,0.122257108207804
"12",-1.74981687772954,0.610255770402329,-1.18752844430331,0.887660354492523,-0.736495094729679,0.551499536368865,-0.433044673464396,0.982355430214499,0.472697058326089,0.219663137041447,-0.0413195951374518,-0.162103632015256,0.142368191685253
"13",-2.10751728679335,0.673805614310874,-0.86265298499975,0.355435369458093,-1.20652526036555,0.214471120379116,-0.241914763712976,0.460208172317459,0.876341335819285,-0.0962338999499681,-0.0538944236020051,-0.0894940572464715,-0.00492135902408335
"14",-3.44842921407716,1.12744947640951,-1.20088878928039,-0.162001077248216,-2.01743586339103,-0.74368298541584,1.47162214961352,0.379315751742431,0.0256298485118907,-0.243964418130164,1.22833590777002,-0.770160959221522,0.225186083643035
"15",-4.30065228243313,2.09007971112926,-1.26035743518189,-0.304913066510463,-1.02679614414314,-0.793404813129211,0.997158083947291,0.403752470405569,0.837978700901301,-0.363407776600233,0.314857945225637,-0.142417987519916,-0.0944575025650888
"16",-2.29870383298749,1.6578750632565,0.217289667502426,1.43653772667813,-0.468229284942516,0.421025739607582,-0.180458450588206,-0.0838800838444701,0.403320197336644,-0.797405742010068,-0.102395271554332,0.496395591301706,-0.0658141105136209
"17",-2.16584568280965,2.32075875406351,0.829390255539872,0.910034177581524,-0.000114617092577041,0.0663421626622934,0.109179798665933,0.398311209735725,-0.0608835404246362,0.0194589645139318,-0.0781459967699529,-0.499388491680394,0.337151716751428
"18",-1.89362947490782,1.626779927559,0.792677743528564,1.07933571157105,-0.437471160165057,-0.363904282357948,0.0913887724860887,-0.112522843838034,-0.380958636315654,-0.400192040489664,-0.308212481710714,-0.263083231301293,0.55772025702045
"19",-3.53202167238386,2.51125970683682,-0.484092939538767,0.907762118959412,-1.14983578945732,-0.303022231427915,-0.0333700803063704,0.0354999773160696,0.440323908196218,-0.782370000352864,-0.915924594456438,0.164623698055812,0.513095770220559
"20",-2.07865855822098,1.05815307067065,-0.16428325513842,-0.48363314814167,0.880028898411421,1.38909922161875,-0.10218393234714,-0.578283995455015,-0.0585875322273146,-0.14962722141783,0.83337569831057,0.287064831064542,0.0585441672864525
"21",-3.11561376238392,0.784683607297993,-0.363860675658852,0.025489786983205,0.96967825619319,0.106620996542561,0.26401772864278,-0.185079328918598,-1.31475354606362,0.361072678370252,0.459922727375722,0.472126686875987,-0.027701208997739
"22",-1.08351360638913,0.241063539996088,0.934325978075667,-1.02701276115101,0.31508288417819,1.20760837779276,0.296096445689955,0.10615183924029,0.571088240115926,-0.0921725999679386,0.656976542203038,0.680769008065241,-0.30378804722446
"23",-2.52809263376572,-0.0915822780973894,-0.311055209904168,0.0482551136454887,-0.428373168743577,1.01208812811783,-0.127410237576646,0.0763985397015906,-0.107958200249901,0.823195997132342,0.0888318911852422,0.480745859461841,-0.044807341622379
"24",-1.64036107937009,-0.514826665783721,0.143480353799627,0.412556252727739,-0.374663085127978,0.782298750310111,-0.666522004933487,-0.194716170273209,0.690454666883276,0.470355629723064,0.0324143768319711,0.482485576407444,-0.342783088203685
"25",-1.75662065606152,-0.316256810150092,0.887781322761477,0.114791797379734,-0.55510254440629,0.89622073920394,-0.621796848309323,0.34131104539725,-0.0947167513961956,0.664555677030378,0.378441497545741,0.313192425060251,-0.22690655904203
"26",-0.987294063457219,0.938021292616494,3.8101600037582,1.31784371930984,0.158557437127717,0.264382450462161,0.480551752548823,-0.0946245600147661,-0.110082846288738,0.464647996577102,0.43827491734289,-0.109209619206126,-0.0579380484798495
"27",-1.77028386961871,0.684244961307343,-0.0864565230056764,0.232251626151942,-1.13972765276077,0.569866962857336,-0.456739864072456,-0.906164864308156,0.740175071556923,0.441299104896399,0.0330061110272853,-0.208247654295367,0.00215940686516413
"28",-1.23194878453037,-0.0895544190842323,-1.38299528106445,0.494288392044186,-0.374883896016034,0.606377662656317,-0.361989184529117,0.235822989425009,0.732726856009482,0.298589564578127,-0.863424133621906,-0.376156295360483,0.008567548020909
"29",-2.18225046758958,0.687629899180144,1.39064404078448,0.775304769313867,-0.808303940421521,0.60037884556818,0.117601008907863,0.0745852854057729,-0.458450400723313,-0.0280275573941204,0.535337076637409,0.049439015160361,-0.198140208979826
"30",-2.24976267059306,0.19092336497059,-1.08958367263626,-0.285347368547057,-0.48171439819311,0.334290546804397,-0.157904889873769,0.468742034563115,-0.137115228033858,0.80010223318331,0.121573571352813,0.135349401048752,-0.445353113258842
"31",-2.49318704413372,1.23734343744848,1.38211906259093,0.365833248469767,-0.620582275941631,-0.580816767537243,-0.414827569373958,1.05645522555953,0.536880934533278,-0.319834516677874,-0.375478394556588,-0.607657504373564,0.0856616371331427
"32",-2.66987963717323,1.46773334635131,-0.331327094376305,0.348371162144922,-0.0863507437567008,-0.16436614107677,-0.532739137102552,0.530310098942262,0.785302741033699,-0.218365933450313,-1.07177878424685,0.00277847712079382,0.271783806843796
"33",-1.62399801279501,0.0525561958496376,-0.166658582371019,0.74720646584092,-0.634273539250461,0.0441938361456126,0.97757198073717,0.49766686758976,-0.131159086144743,0.165104151741545,0.219890758674104,-0.203521332255099,0.245083968513638
"34",-1.89733869731163,1.62846672543163,1.16878511652834,2.33384554028979,-0.186288554272251,0.327065152428799,0.981165516025786,-0.511201993875704,-0.709719685545949,0.0993285180084507,-0.623103854922347,0.108419172167453,0.0543841538120348
"35",-1.40642118110875,0.695971073676938,0.478393534379588,1.05710425189656,0.0988818106601921,0.708252057981618,-0.229092689442982,0.226834997113829,0.395617175267515,0.199394968081195,0.175022933963986,-0.219056405404046,0.106609538516323
"36",-1.89847087353462,0.176213872892497,0.449566865823092,-0.283314356512133,-0.162491077418015,0.174150467450031,-0.655976907177616,0.353731127276279,-0.20757611505143,0.335996604284235,-0.197951397396332,0.232291212218585,0.132380848351829
"37",-1.38096668895791,0.656787135916015,0.457149018295109,1.28104447860221,-0.204434904126109,0.618746221045086,-0.0701800349012819,-0.958044732928644,0.304426016300694,-0.202780515984635,1.09682656387363,-0.146809540315804,-0.0611184867560743
"38",-1.11905070261155,0.11378877580647,-0.0389972700676421,0.95371091914673,-0.341248613652803,0.407975459243118,-0.407454131349151,0.0292585208191418,0.851462290917059,-0.31259109080676,-0.0037966146281041,-0.40109969115134,0.00574189343626371
"39",-1.4979689099673,-0.767267636443282,-1.42216558732203,0.755377263864628,-0.165377624451675,0.414283616592249,-0.0268232868589896,0.0262811148835749,0.2773352360166,-0.282495669638097,-0.283059303126762,-0.178849430035173,0.318416807071874
"40",-2.52268490079999,1.79793023049862,-0.342187120150583,-1.18363540209379,1.29424479973621,1.53793244507813,0.962971858024339,-0.766770621715039,-0.719301478444555,0.0226179230810124,1.19016430717388,0.168413870962248,-0.177785910461659
"41",-2.58081525552319,0.77742328633435,-0.11814419550667,-0.474632558230288,0.402187493259626,-0.723143125756568,0.547587261273911,-0.704042259939347,-0.815203970725791,0.323234829555487,0.281569392985585,0.196081590201034,0.07672004676989
"42",-0.666601590609365,0.169482849825769,-0.781158992224678,-1.30939014443531,-0.37071766782718,1.3209653565081,0.0271151989097352,0.325120532611254,0.284283574383634,-0.0720172907891204,-0.825148162413622,-0.0731963345647621,0.427646270660138
"43",-3.06216897895341,1.15266742005171,-0.311878312616314,-0.54873671500163,-0.303270163810576,0.805644791059652,-1.00857251340625,-0.9272066340563,0.21762839348717,0.229442300314726,0.441279064067415,-0.18586058482059,-0.0228891781275618
"44",-0.460908968590186,0.329811772734114,-0.20090975393505,-1.43245308491019,0.282428181236537,1.02571004183398,0.569786980611706,-0.56417891094566,-0.292474332301802,-0.0779722722900334,0.0705226760486617,-0.0494470657464981,0.201488531837292
"45",-2.09544094293404,-0.0708091767582341,-0.654004546648922,-0.75561334407561,0.470211316619503,-0.370762101434472,0.0204903232233686,-0.622577781009442,-0.29816197629126,0.428004182472378,-0.469775700853069,0.0560315642702396,0.0808383392178305
"46",-1.13297020448577,1.77210848745488,0.0286249881261051,-0.689885128561475,-0.0607528293062975,1.9084843071293,0.172211361439183,-0.255991671241029,-0.551859262559546,0.186825402385359,-0.592809909238825,0.0466142456351161,0.0615152469153045
"47",-2.71893118483657,1.18798353288001,-0.538254908600803,-1.38564194437888,-0.495496851133058,1.00815469759938,0.737349956609836,0.242569799828683,-0.4453437799102,-0.110755260512835,-0.0484974610037338,-0.202656240115108,-0.151639542671642
"48",-2.81340300172213,0.644440709185727,-1.15230190524268,-0.98488467078035,-0.00994895288773859,-0.289947517527464,-0.47258092690949,-0.141812569651925,-0.4054588785283,0.25307611974104,-0.122643010917018,-0.0849848752693353,0.18875649446092
"49",-2.00419725082142,1.24352163527515,-0.0571328230976248,-0.229994320643871,-0.383569068153092,-0.524474754873971,0.227875795573953,0.798874753600147,-0.114958346765844,-0.0276381172788543,0.103035621767809,-0.317051666828446,0.128661413993943
"50",-2.69987527988475,1.74703921908322,-0.641304568720971,0.0999495743004177,-0.493321431347051,-0.73021855759667,0.00759847044318375,0.250564542511785,-0.177064871735519,-0.304524717065953,-0.545559067660105,0.739072103360645,0.547126405548397
"51",-3.20587408843523,0.166522255683708,-1.96802013112655,-1.1175315166551,0.0122436594179771,-1.22735670363664,0.260077529840788,0.466730083618943,1.22899199507552,-0.591649070086514,0.36627847350998,0.409868378811645,0.080562537829949
"52",-2.85091772969851,0.743182375634168,0.00470622646423663,0.214670995859672,-0.756674007692618,0.191582638385721,-0.352751689490745,1.06910761517362,0.98418350429391,0.113833640532994,0.548138550601077,0.315691407511871,-0.0513184475267516
"53",-3.49574328334839,1.60819732424659,-0.519309619916669,-0.106236742554339,-0.599991938624415,-0.183028065687117,0.151445419925461,-1.4171049790805,-0.401675513433708,-0.423652543437647,-0.291255780293215,-0.089618859870112,-0.130654478628529
"54",-2.21853316453292,1.86989325493805,0.338594715268454,1.20357144862378,-0.575022180192877,0.245262824373677,0.463852190134525,-0.398153665773889,0.314407352294767,-0.0822506743024184,-0.308387537941355,4.51751788906607e-05,-0.159199866428118
"55",-2.14094846469849,1.01389147150761,-0.955068627887792,0.239642188344666,0.877628818755691,0.360757343225331,-0.410789089474626,-0.288753322152386,-0.279747442122917,0.453496852806962,-0.171942055746302,0.178142535047538,0.295282582271276
"56",-2.46238339554063,1.32526988324217,0.51199318167133,-0.254630339066718,0.909574302184135,-0.553308647867122,-0.357392564678594,0.536010804660825,0.135264745782821,0.15544812508482,-0.331902617081707,-0.16975040570689,-0.241059524008433
"57",-2.73380617491011,1.4325078506595,-0.610750541683213,-0.205168684771345,0.43304230303531,-0.115671473038776,-0.0391190024630042,-0.350398985756471,-0.93046254993218,0.345876713200096,0.0425588346426619,-0.0538491974438774,-0.162028993182221
"58",-2.16762630710584,1.20878998910284,0.26104322114957,0.503007163195466,-0.693465629658723,0.256260855788088,-0.218447362605972,-0.610123763824512,0.836627063426579,-0.45403817168779,-0.0834855229427308,-0.125230665689999,0.111250970107027
"59",-3.13054924783241,1.72670827901314,-0.284857862747258,-0.229918639574068,0.0748297503205185,-0.350573243035334,-0.840703767589515,-0.624515975361523,0.413469281224407,-0.202138743762572,-0.259140456408921,-0.556141304677827,0.163636436473188
"60",0.925969918827913,-3.06484061536442,-4.57216647384319,1.04888561002766,0.455838258444033,0.387160528537969,-0.0920120041456805,-0.675902573278405,-0.374915198233764,-0.414140726213683,-0.364715884691217,-0.600600795783301,-0.490949914028673
"61",1.53814122596024,-1.37755758335537,-0.872222676875771,2.88198999799611,-0.975257240988882,-0.0349126718186981,1.05587452463799,-1.07235081663332,-0.275221036776481,-0.580519670602315,-0.148077569761979,-0.301964127781275,-0.10250455647178
"62",1.83108449370326,-0.82764942328859,-1.60118543423303,1.44802016196596,-0.293248578286162,-0.682192326571089,0.253428652181592,-0.979689729631535,-0.904720112668941,-0.570313649704676,-0.150132357966709,-0.0838202111081106,0.31586921704572
"63",-0.0305207387428875,-1.25923399612215,-1.77938856866009,1.20318203832519,-0.392497134782811,0.605379358073203,-0.569377231865903,0.618120143125191,-1.19857737484603,-0.304343708360038,-0.251909057858672,-0.140434357597528,0.163287677260373
"64",-2.04449433424567,-1.91961759362888,-0.00734804938372163,-0.719292863829164,-0.0808984436665777,-0.762375584436868,-1.07281106526439,-0.297708767325032,-0.609338189565517,-1.40350073495928,-0.00823509082460161,-0.230224519720838,-0.385180425690313
"65",0.607965828485852,-1.90269154043018,0.677446941398767,2.14701960600896,-0.0497621780944519,0.190827211242621,0.501705813892756,-0.0157708190377136,-0.328215590887285,-1.0456355292981,0.879811993013573,0.290358495346152,0.0296890700442339
"66",-0.897695547224682,-0.761762632577597,0.571748468235313,0.677450627310588,-0.142231829576871,-1.01466998238384,0.192768964153766,-0.0928982386705804,0.589112288184418,-0.678113555221907,0.806354870918869,-0.203445801866773,0.126114352057685
"67",-2.242182263527,-1.87929122936635,-2.02612473796508,-1.40366765619407,-0.729947860670182,-1.29973213982586,-0.343749093352138,0.176290646349072,-0.805356246544144,-0.374860196558626,0.154514304813958,0.179013199271669,0.119628586483281
"68",-0.182868177486554,-2.42031868594756,-1.06673642472217,-0.127059552225717,-0.5330698329836,0.0698039736132148,-1.3509544759909,0.225670764306479,-0.401264163977095,0.106502259280315,-0.478400642642595,1.09643880375031,-0.0157448935709552
"69",0.810518651437926,-0.219893693164634,-0.705016628441353,2.48198818659902,-0.58191830934815,0.316546704313857,0.366059141657567,-1.24309224121291,-0.994047807700862,0.127668411955016,-0.231823701546176,-0.998089256219558,-0.284932393985683
"70",-1.97006318680866,-1.39933586664535,-1.23479301666756,1.14906511398153,4.17487990667684,-0.491610770270772,1.45244840493153,1.0395448639049,-0.373326001150902,0.414942921489623,-0.230820881489339,0.720794558663749,-0.495370048570208
"71",1.56779366172445,-0.882493727934898,-0.627228613533294,1.16855006753694,0.962629108497355,-0.268652265680826,0.150397545265067,0.717782077896214,1.0862736525435,0.669455132954889,-0.227755541452104,-0.453247816604928,0.378542474652067
"72",-1.65301884092156,-0.954021018576847,1.94709170441329,-0.151780756289948,-0.784946941926034,0.315335432024714,-1.4874346880627,1.526643080197,-1.15546413644626,-0.702407628509281,0.736167009283845,-0.462271643108096,-0.33860119996555
"73",0.723331955335041,-1.06065342459432,0.0801062584670572,0.075805592693672,-0.179658973948852,0.542785557050754,-1.59440369065491,1.04933963002563,-0.895573152555958,0.386967534917446,-0.0972190563045277,-0.17613626146564,0.260052574964563
"74",-2.55501976881363,0.25946662641804,3.36490197729814,0.976644435533757,1.97522672292401,0.311161884062591,-0.448128905378357,1.12745211750793,-1.10879986471688,-0.133602175920827,-1.77544716450102,-0.107355841023558,-0.248619545359889
"75",-1.82741265809378,-1.28425546720206,0.456990910844764,-0.170868753255469,0.998405850253358,-0.077638816595574,-1.37176937416751,-0.527523314520387,0.450361561961046,-0.239424241078255,-1.06975172028223,-0.463453826831322,-1.0152929536236
"76",0.865551286816661,-2.43722606314141,-1.55893560855422,0.829121008452287,0.705988471721623,-0.112047678779448,0.421990367492142,-0.0647122709638168,0.215631225342666,-0.940274208542689,0.172542997960588,0.598076957248975,0.271686400777753
"77",-0.368973574091474,-2.14784815309808,-2.44249635899174,0.125804166009835,0.0950317690363758,-0.555356937120886,-0.645991532234795,0.737730858835098,-0.779009484261998,-0.469773883199644,0.383038305145546,0.221393117257873,0.249730956358755
"78",1.45327752329742,-1.37946047650403,-0.226667500491549,0.694398056731547,1.06435975134874,0.816466625419425,0.931632730363355,-0.852882315257074,0.0486707474117299,0.0716906999134484,-0.0616322752241739,0.343859119829723,0.118480803775777
"79",-1.25937829459057,-0.768681172566502,-1.18089335882878,0.923277787796365,2.60624115098049,-1.59330120662521,2.00809368298198,0.1719939607868,0.156062699480362,0.574549622617952,0.383601420071313,-0.186693105544227,0.114793217194008
"80",-0.375092281590865,-1.02415438665293,1.78941855938291,-0.97579193522872,-0.136185026684169,0.659293398911143,1.18985643367336,0.33231377116353,-0.797435080932965,-0.584283987761848,-0.263448330837943,0.0133027510292367,-0.0654378363243311
"81",-0.759920260189142,-3.36555996890649,-0.356464511900449,0.365701314965915,-0.154006139825216,-0.244552132906431,-0.418735255889719,0.240756660397218,-0.671165837697054,-0.663578914201434,0.122468014697177,0.484835042803958,-0.141707885921726
"82",-1.03166775614799,-1.44662897140294,-0.36199064097754,-0.295761472804353,-0.305026793358887,0.100055817895847,-0.458007561970485,0.603892420208886,0.290248702732754,-0.0997952639261012,0.1330780452101,0.360022071630211,0.160610927072613
"83",0.493484694538258,-2.3745452194709,1.33198580407017,1.03805062791437,-1.03919518905815,-0.112457467869665,-0.644591879788458,0.945961171803796,0.528903789133267,-0.134385765241485,-0.12718993686841,-0.0418122221827643,-0.316382508878343
"84",2.53183508116183,-0.0871973839420378,0.472917349640491,-0.756467549997361,-1.12464398942997,-0.180178406417604,1.1530460312535,0.500803334518231,-0.200557278939967,0.149294349818914,-0.0362315330956394,-0.195774244257138,0.587483712660506
"85",-0.83297043568931,-1.46952519705299,0.608377415961425,-0.581312066100878,0.896655426166102,-0.880045371546221,-0.830753454419081,-0.559280737601505,1.20885813265022,0.840246590598212,1.2564599058451,-0.211786760433009,-0.330273602215665
"86",-0.785688282568356,-2.02092573332855,-0.254006881020003,0.807141231813144,0.258124404359347,0.157362064287344,-0.269264817359614,0.146660544476404,-0.517153455793759,0.134352440051567,0.600454438574008,0.268731186797143,-0.279526291527973
"87",0.80456258141066,-2.22754674860495,0.770681796275094,1.01086422019469,-0.291041306116334,-0.348610487604504,0.256206986826974,1.05473592474703,0.0657386922666701,-0.490348746849079,0.021025688110074,-0.0891676306810965,0.149672514012353
"88",0.556472881611745,-2.36631035112901,2.30112021983401,1.03240800664861,-0.475597903348392,0.236898826512034,-0.49031762085305,0.864036291053393,0.413629867576956,-0.143665328215318,-0.316580543282019,0.788766664761616,-0.310184818798675
"89",1.11197429578471,-1.79717756926931,0.956554980802798,0.33035190803794,-0.72945236422958,-0.0577830768373099,0.08752725553884,-0.31163847190187,0.902130686872695,0.304686583959541,-0.319627262365008,0.151795097493462,0.00753214247095116
"90",0.554159612143515,-2.65006452118737,0.846738350401955,0.00318864653754092,-1.34247005491027,-0.0405000408698321,-0.759059779144073,0.434881543225198,0.349678445327325,0.677792495490025,-0.617132207217667,-0.0736634981677113,-0.375549551799713
"91",1.34548981702795,-2.1120436479411,-0.0475182774865395,0.464939029709196,-0.888040916060825,-0.495192843065223,0.754162664679984,0.121422211022917,0.616298351515625,0.191218504144326,0.668235455465325,-0.179672669200179,0.131257680665167
"92",1.56008180204935,-1.84700434401334,0.778869932261806,0.603377335922792,-0.515012576465959,-0.729958195432193,0.137254489013154,0.442433105797038,0.414513279293028,0.591594341477015,0.40722962851286,0.443361542074235,-0.00623054804837977
"93",1.92711943780747,-1.55510868180387,-0.089023551346492,0.521099397948866,-1.17039602396625,-0.903412982774344,0.537355661853796,0.546492332360518,0.131852777451877,0.733022256318908,0.433804621280604,-0.458576485894982,0.502522585878546
"94",-0.744565611690003,-2.30642555931631,0.114357180852533,-1.24502663316822,0.262197247511764,0.515234475408147,0.208194803952012,0.195166527394199,-0.103418969685575,-0.404991738149292,0.794181380215163,0.256023951734068,-0.36241601343973
"95",-0.954762094435212,-2.21727377126558,0.14204408437137,-0.313159561471343,0.94148689006926,0.381749625557227,-0.755976765326591,-0.899913300645168,-0.0963402831097226,-1.27072781543388,0.1722458833109,0.215805777660175,-0.674226299339814
"96",-2.53670943110962,0.168797864267748,0.786478429414637,1.02993172880801,3.72058388428969,-1.34787638499557,2.63663287403896,0.531610576970711,-0.157712326665054,0.528186612807411,-0.2380845415993,-0.454719170924155,-0.10609020496784
"97",0.542422480010211,-0.367888775760007,1.30521407946667,1.27440361907014,3.33737637673281,0.707498120469917,-0.350869264110496,0.113342247253574,0.995318003865333,0.0566515574392148,0.675764329607043,-0.215120138162089,-0.487466340438636
"98",-1.02814946405102,-2.55835254302044,-1.08333421790803,-0.263118758321668,-0.189309994189352,-0.401552588031384,0.0134160356950155,-0.0351730338445124,-0.180238028705941,-0.727492384116417,0.393029780520369,-0.0664887442481717,-0.0283400710061826
"99",-2.24557492458674,-1.42871115751728,-0.229560680647804,-0.918579892826997,-0.239248041786896,-1.03941567569404,-0.869174374263201,-0.75820368892304,-0.235852971150303,-0.940264259031244,-0.496321599373246,-0.583430016850642,0.294405946256695
"100",-1.4062491551155,-2.16009839085986,0.746789806286217,-1.19224799943392,-0.707860423113381,-0.608901016089349,2.08619382889341,0.585386246780864,-0.127889411379316,-1.20779664945588,0.616429303136262,-0.081746124836833,-0.0114188722149569
"101",-0.795475850715719,-2.37026257660732,-1.56370151682369,0.0347184237114152,0.615355552851988,0.286836738124033,0.281299455020242,0.377926048737424,-0.112690625481771,-0.614425007093381,-0.967939000570957,0.639100371176037,0.173276809536182
"102",0.547985924074939,-2.28667819827848,-1.49471890043731,0.306174988128042,0.325093883395101,0.150333741098232,-0.41063250245701,0.797512447111971,0.0513538480574306,0.666571058327291,0.0309611671357851,0.122046380966035,0.125366918884725
"103",0.160720367067461,-1.16120769391348,1.00088971298885,-0.659824936863385,0.300337924469755,0.658662040264657,-0.496620442916766,-0.958527249016428,-0.323643677709776,0.601040987834928,0.0248257492052475,0.0479474616699748,-0.225153963068423
"104",0.657938974740042,-2.67242260231914,-0.762769188075154,-0.468632816580247,0.14406399737801,-0.452370713558657,-0.047534646932551,-0.441760412356729,-0.230671692326054,-0.103079437735994,-0.673947861466704,-0.566124249573825,-0.228944846436358
"105",-0.391250736777429,-2.09282809170154,-0.470522719445683,-0.435827158590823,-0.302955852452485,0.248612844614314,-0.451921634926342,0.39881108986886,-0.174863755647815,0.737263462421126,-0.71942621877875,0.510541611359703,-0.127902732366743
"106",1.7675131353744,-1.71245783120106,0.944369222138823,-0.25878259141222,-1.00199897211468,-0.105722522751631,1.07600558793449,-0.409627591921357,-0.764561535507635,1.41810354885254,-0.0127992231595987,0.550117627524235,0.559119749910298
"107",0.365237067386076,-2.16325102611279,-0.479970296097503,-0.397279783048602,-0.467731898130027,-0.193939539447766,-0.239600026591761,0.285608068283118,0.337241715288947,0.648575738049294,0.277300522324524,0.60486181379817,0.342906321286653
"108",1.61611370982472,-1.35177020638497,0.286351238193386,0.0259513403692093,-0.567750990806302,-0.57953297616492,-0.0773975424557631,0.687471826184035,0.053712947564068,0.919045216769769,0.259066343997528,-0.228358493732501,0.669880552929585
"109",-0.0823036148660602,-2.29974727647888,-0.462270978381848,-0.887846514914491,0.339618528497534,-1.10937520976897,0.209774926389541,-0.301182148189925,-0.558991159710907,0.807831741165949,0.0637741314568343,-0.180136927425645,-0.0363597609183838
"110",-1.57383546981447,-1.45792166802079,1.77463990837569,-0.611858444695703,0.287171659447882,-0.795075357109365,-0.280446349988589,-0.615317495140511,1.26127742510294,0.31142710290393,0.595607348116935,-0.233012531771293,-0.201012464017455
"111",-1.41657326452753,-1.41421730023,0.138884054226912,-3.42088954182798,2.19070462179572,-1.45301721948007,1.67729467413254,-0.0348841027197473,0.548950366218907,-0.192695859149021,-0.74246655043662,-0.621469504789123,-0.360007168258226
"112",0.277918778105269,-1.92513750663662,0.078449257100991,-0.925908862933951,0.260760204921971,0.678084210592286,-0.845209495365274,-0.288245069084622,-0.592374912443209,-0.174976668342293,-0.0893336964954863,-0.593065527851561,0.0650980871665493
"113",1.29947929100858,-0.761025551842138,1.99397175529251,1.72098119859877,-0.732839021921667,0.485350766527251,1.13008878664097,-0.842581725631413,0.700271557025867,-0.504878959921721,0.687306588138836,0.707942114875287,0.377962058818275
"114",0.45578614759049,-2.26303186608984,1.0583534793506,0.835076403991371,-0.322540991810151,-1.0002949712876,-0.503012057896265,-0.738949689582133,0.42208022677889,-0.505540443492023,0.157068526807522,-0.32689965091322,-0.20308388328264
"115",0.492795729390362,-1.93359062222765,1.32021390727112,0.0614239786236925,-0.846519598617149,0.0330842322349461,-0.979370475508122,-0.95576048286864,-0.371716534823704,0.365850621804234,-0.110298682893809,0.0185018757044317,-0.0141784213267527
"116",-0.480718360927129,-3.86089273302546,1.3404898622501,0.897379093403771,-0.929735055084553,-0.966643143493664,1.39916105142833,0.676882069302123,0.0969206622017155,-1.35037774778792,-0.292723085742259,0.721222126823341,-0.271269374138537
"117",0.252177515125457,-2.81355567156815,-0.301788475433466,-0.456678865109932,0.37004340218711,-0.0481287586603648,-0.566567453784162,0.141882236441147,0.160790595034638,0.841455951034262,-0.471826848660681,0.292889510195814,-0.186327869664617
"118",0.106926012271625,-1.92349609077043,0.688206893394555,0.272952517765954,1.06808399386186,-0.0371165151433451,-0.0126663282411884,0.359510103845883,-0.815249891885412,0.453181531999114,-0.00345518794798483,-0.00981664939747079,0.303883014663496
"119",2.426168671686,-1.25360477177195,-1.89767429281018,-0.867285397179487,-0.466825774608488,0.825626969785646,0.241262416229945,-0.636160421757429,-0.126388223921793,0.174281108748653,0.324943161692023,-0.302106855599751,0.308446357061183
"120",0.549539354559024,-2.21591073234408,-0.355226778072212,-1.35948494330631,0.216105988736996,0.5708066504913,0.9632105145171,0.193099507332672,0.48754263639858,0.464314932021077,-0.312709026942882,-0.0161206666027472,-0.0985491059482603
"121",-0.73754141269277,-1.40499334962045,1.12217995692334,-1.201721555202,0.428711888052982,-0.105548469561406,-0.204449460883583,-1.38954683157022,0.645105809863635,0.211025077276806,-0.379100307727683,0.140331332600675,-0.0634867577905026
"122",-1.33256273375418,0.252624308290623,5.33035189574105,-0.238365113207806,0.235837279717961,-0.798726191416696,-0.598713012757101,-1.77377468012268,-0.414862001804783,-0.251102612269519,-0.144435563492826,0.846435277443155,1.52910920812039
"123",1.17377591515635,-0.662099137536907,3.0017542990546,-1.16285667725149,0.331792738808269,1.17630721641694,0.610827456302784,0.24954931532151,-0.286146231798048,0.170562938072813,0.027100689881165,-0.00126361149542034,0.145098221209504
"124",0.461034485027041,-0.616548968783821,0.4820824695115,-3.56666322784872,0.128459079929234,1.51095873876455,0.760615998346603,0.248646090122633,-0.471212189685687,-0.232610269531156,-0.200484951512044,-0.35762771201549,0.315210007245709
"125",-0.975721685495421,-1.44150418845279,1.47707033671394,-3.77967308676333,0.49840431968315,0.118953353094868,0.180260576034028,-0.0998887102578138,0.790257471532935,0.0172560903586657,0.454504145901222,0.029152427979509,-0.160329318905726
"126",0.0965374058712859,-2.10406268463188,0.433602973628081,-1.05172847896535,-0.310568350354241,0.10982499624593,-0.531764557534835,-0.839410096481484,-0.441781679353321,0.293703834628255,-0.387376974313283,0.0497610253100239,0.296261235308488
"127",-0.0383788837206407,-1.26319877689754,0.685643793955986,-1.26930363029728,-0.352059063493683,-0.971168559177305,-0.814495584515342,-0.977474530174866,-0.518230841808672,0.445045152316984,0.0187194496463886,-0.566525853751227,0.646231938175405
"128",1.59266578203701,-1.20474513258867,3.35172075309752,0.218660737100585,-0.638961000866617,-0.863698392050822,0.138225475759463,0.11254046549836,0.163808037512751,0.231930789792434,-0.350869794498192,-0.363751016737139,0.470529941981484
"129",0.478215926305132,-1.93338680807016,1.29286051436512,-0.685043798678721,-0.0603150777501602,-0.682236572117691,-0.409420995700765,0.300250809078318,-0.414215359647995,0.607576400293035,-0.0595973178755208,-0.610677151343549,0.460969370144874
"130",1.78779033090865,-1.14705240716192,0.780598199275456,-1.47461924179712,-0.502799635433264,0.992694655335547,0.317611641336846,-0.252378301776563,0.723124253615641,-0.0852176718236178,-0.418116058128451,-0.258277437035117,0.105819571480729
"131",1.32336859204859,0.169909936494651,-1.1766940425307,1.49748557844384,2.29880567107465,0.152422961839212,-0.823494453722781,-0.274277519881992,0.173524830626465,-0.0273754244946256,0.539852951823543,-1.02219484389591,0.341326312385224
"132",2.37779336481857,0.373528925222152,-0.721786521594591,0.307328047883727,1.33586367361782,0.718006683533723,-0.927204449725281,0.141089221943786,0.361397371330693,-0.472174258956056,0.549575267755152,-0.393151167845353,0.470467849702198
"133",2.92867865089463,0.263119601227974,-0.167168254385773,0.407623564600355,1.08474612271601,0.0940105270500211,-1.599142085564,0.57142671400329,0.350449143408962,-0.0012410446124418,0.00547141873620677,-0.519431339937629,0.614225370704678
"134",2.14077227196925,0.367219070926179,-0.45202618979707,-0.0483910596784743,1.72177512547995,1.02873775141153,-1.00570687807446,0.286582844918047,0.418597389382149,-1.05818005538555,-0.0594117353687317,-0.687624851087271,0.18878252329267
"135",2.36320317558219,-0.458341881749462,-1.0983016114601,0.854367267691979,-1.06400510870332,-1.42671617836446,0.338588763244943,-0.846302659136151,0.314992509272646,0.368017982534095,0.0166300326691586,-0.666046613149567,-0.470567632291497
"136",3.05522315061053,0.352418704556712,-1.09603232835887,0.738315432793608,-0.735632901846804,-0.838690751254646,0.714554301537814,-0.746852652507276,0.0992440045024542,0.191605106526862,-0.399597906234056,0.167195504701726,0.073499061135353
"137",3.90473898331631,0.154147687302039,0.22120381041975,0.00904281874578158,-0.361708400364422,1.12164717601009,0.894816984238667,-0.202480241722455,1.19908763807537,-0.448822862073055,-0.193547647416741,-0.575857084867774,0.0283900403741997
"138",3.92539033533296,0.657831569442929,1.70739905125103,-0.543949384799259,-0.535813349957853,0.88811790623084,1.46184776135248,0.0624790474230485,0.0644709131934132,-0.595186477470957,-0.439964430879138,-0.0704101095625467,-0.162753365343942
"139",3.08557208893704,0.347861483745488,-1.0239429930356,0.071148506560692,-1.0563699641115,0.385868853300856,0.770215921021989,0.145920268736955,-0.526619070514673,0.138563465628685,-0.126253624267023,-0.0839465697105916,-0.141084453827934
"140",2.36779236968985,0.291159026862503,1.23842089600074,0.746699190730439,-0.414410111587129,0.42564678422473,0.0732695480431098,-0.33080790067076,-0.537455184719274,-0.082270139901141,-0.541792330266706,-0.219953066798378,-0.758900946227189
"141",2.77099629938406,0.28599810652204,0.607955155388128,0.876873331343465,-0.552864372001545,0.733689229880937,0.0101834867927767,-0.433591468666614,0.15177532760354,0.741411197732619,0.41599904632549,0.0526590974794882,-0.388197057126422
"142",2.28012931339021,0.37146000057108,-0.968909853859763,0.37039290200024,-0.337141332939085,0.910251073203904,-0.962083802505491,0.149857474741778,0.241378773495942,0.922159990559904,-0.0794332640322561,0.237069579975569,-0.286267648787346
"143",2.97723506437818,0.487841765231786,0.944289205196126,1.03331073999731,-0.583500757338991,1.22422012896327,-0.230969547467412,0.3197499037412,-0.508704747979353,0.262177075070841,0.351064180655517,-0.245682041982068,-0.27840572253014
"144",2.36851340595321,0.480976938981238,-0.252172645262886,-0.669261357784331,-0.626325116999135,1.55595128534051,0.969331360446876,0.373518744062995,-0.513922274008748,-0.508339092182117,0.0760289066196472,-0.280528720618786,-0.388997899004364
"145",2.20364929520703,1.15678934015718,-1.24162275702527,-0.317941313810591,1.68394319629768,0.330143249197565,0.0093314217499652,-0.286087446956921,0.997577368789599,-0.209950832626234,-0.495547412704522,0.991122739210208,0.03742886654107
"146",2.61823527696862,0.561576623901963,-0.853553310277581,-0.274908542071429,0.649280665336312,0.4460613317589,0.575030092099299,0.397908169017797,0.322569833770418,0.759527663242134,-0.639282813688838,-0.863363524222538,0.0275693399108797
"147",4.2685975768988,0.647843475272683,-1.4540951336491,-1.12499083819873,-0.358542843663792,1.6120963636942,-0.0751088490959466,0.761918633715406,-0.0984665500633882,-0.0237775676272189,0.594698616747114,-0.657935857359657,0.289983470111208
"148",3.57256359852983,1.26912270677122,-0.110472408209586,-1.04695570806587,-0.522079176841442,0.598485345331815,-0.187935679415338,-0.420160733188336,0.422902487635782,-0.150509484106496,-0.22145341373486,0.280291017655967,-0.156167043443998
"149",2.79916760396144,1.56611596172983,-0.471198739436709,-0.625593725471394,-0.259441144573594,-0.551686670709449,-0.448199853824847,-0.122527343075278,-0.0445015038670757,0.0218065456451082,-0.178231672533795,-0.158062986565062,-0.235003041031523
"150",2.89150275052853,2.03531562664122,-0.494564702520022,-0.469830280561847,1.43482972651272,-0.178041178429319,-0.392412911375277,-0.0459290944041751,-0.0902228624275132,-0.608809654078632,0.0763639086798173,0.351868000241575,0.748213898375927
"151",2.31420887085633,2.34973774716455,0.436450568905279,0.0521127716612802,2.22814187303945,-0.0765625683514022,-1.2698565858364,0.465156276552473,-0.303792459353029,-0.421752138876481,0.581149246210177,-0.176744831241036,0.737942975460664
"152",2.54265841277236,2.03952982198261,-0.311389605916081,-0.385883152135641,1.84232563651842,-0.977272379353158,-1.62261446303636,-0.268904701464452,0.14738643955885,-0.431438044230156,0.412622901063393,0.590800397256998,0.463270366932819
"153",1.80744270572725,1.52334876209868,1.35875689134649,0.188863145750174,1.74446626718399,-0.967562140933939,-1.53751365619915,0.0792671107926974,-0.367737047184351,-0.302216231358299,0.457901037002768,-0.998859153959501,-0.222630109572321
"154",2.75238050659445,2.13291564838871,-0.961915240664583,-0.666505978493284,-0.475699800485531,-1.79704419505783,1.01554134095131,-0.370713380357918,0.0132690807075794,0.095709212256422,0.120970960748584,0.442611189230508,-0.0570225367467498
"155",2.72945104659533,0.40873328330698,-1.18705614095123,0.661180094568284,0.457745531453353,-1.87659660200872,0.0232725534110279,-0.392089748813944,0.00228306670879608,0.835469288925693,-0.358689211246548,-0.0121708316957751,0.0863902867795193
"156",3.59472856998581,1.79731420974144,-0.0937723408082121,-1.26527129492856,-0.607750939415247,-0.191392899394892,1.41443282276483,0.197318730605304,0.17417245209013,-0.186066339785999,-0.577715487015603,-0.00361002202344957,-0.0086420828708759
"157",2.88169707501281,1.91980307887748,-0.78012192511393,-1.32099902095975,-0.569636079693418,-0.429394404560626,0.217242924116262,0.136616788793192,-0.348358840396232,-0.144780344226124,0.659578728422666,0.0423677356343615,-0.176074255840215
"158",3.38261412804098,1.30818615222258,1.59751955781019,0.481483935689235,-0.668984260093737,-0.801305101694433,0.0955669334040973,-0.107464040207917,0.42910199057175,0.30951727224454,-1.3155346871141,0.0207144536496008,-0.215383356866768
"159",1.0452334187292,3.50520193691751,1.15677544112028,-0.932698364189509,-0.896918435272015,-3.27504280516192,-0.640656143270497,0.52086677771909,-0.940613549953131,0.350894491457463,0.281045873594042,0.0880144189953673,-0.812886568711363
"160",1.60538368798997,2.39986841857009,0.547016628931539,-0.752187852255716,-0.992407383958611,-2.91126472992531,-0.709055951910346,-0.137140794823928,-0.189015671115437,0.0797222139335299,0.365731235754614,0.0854978345356388,-0.810275531613665
"161",3.13428951191097,0.736084637687934,-0.0907427495081978,-0.977889336939674,-0.408660735950382,-0.397800186874465,-0.0738229786527943,-1.09011524930776,0.155359572473517,-0.619307520154925,-0.46598978568756,-0.112859500421009,-0.31793760075634
"162",2.23385545791818,1.17215876880337,-0.101091764751202,1.16200085128312,-0.263705410854047,0.798785483517089,0.538364032340843,0.132231234263566,-0.554027438244177,-0.246126739839992,0.221436972694333,-0.101839509948741,-0.437275935329598
"163",2.8396634261414,0.554479844736745,0.801953004848676,0.895362356428509,-0.25408457461054,0.287756308985019,0.86532142921957,-0.251275282524825,-0.317714358025644,0.251911641680222,-0.00682221562590779,0.315748794114157,-0.228603203372879
"164",2.59019044004633,0.696002198467205,-0.882450234846098,0.273457357272082,0.770063241135351,0.717817553016248,0.271733724338785,-0.259808666434583,0.338537131842612,0.224169920370281,0.212061212683522,-0.168327299773742,0.0573304926976891
"165",2.94100315593216,1.5509339655631,-0.980634474973764,-0.0154368015599347,-0.36305796749845,-0.489824258242968,-0.983161708939074,0.783586914481285,-0.3553261363099,0.00763298595442287,0.0734833537191532,0.476401025543272,0.1009912740678
"166",3.52010247940368,0.880044296782448,-0.464718213429848,-0.579155895245726,-0.667077973030585,0.457523688025438,0.520751690042353,1.07210334059648,-0.485071110506073,0.0341802280380125,0.00625114987225167,0.120136435616469,0.0808598445101386
"167",2.39934228363786,2.58506401945767,0.427021633980748,0.183816567114109,0.446401877608802,-0.567904278519971,0.0357013598504633,0.671351245520544,-0.167534421048763,-0.86341974974426,0.0971709928306159,0.797403434028298,-0.0902386911858819
"168",2.92084537245454,1.27086199861469,-1.20994516130794,-0.294485339121099,-0.266597886920481,-0.380140778719339,-0.642508297249575,-0.000551356376996059,0.501117491763167,-0.598336499543414,-0.0754255529496634,1.07661920359667,-0.112673490660016
"169",2.17527658443826,2.07169331434286,0.761634073176761,0.388497417275926,0.358861297356948,-0.627796848683711,-0.751203293158041,0.923468697383524,0.109524581699694,0.216024965573853,0.224580421154498,0.152651832463649,-0.148077986367758
"170",2.37423036799742,2.58138565306433,1.41405514950083,-0.586846511887503,1.12482381591433,0.980878025419763,-0.927855274200727,0.293177850239142,0.0025185675210164,-0.706795795833001,0.151962188877517,0.250894583420459,-0.394913655399779
"171",3.20258311215208,-0.250542354489898,-0.844746224335957,0.216454761740969,0.607381863314275,0.394265555584489,-0.291028344303695,-0.581266587675991,0.595443561773571,0.154489700222971,0.198615484509463,0.24475448303019,-0.0238305636919141
"172",3.66757293755117,0.845363176010535,-1.33565251551755,0.124823752316932,-0.484744526515607,-0.855545817902419,-1.02275494860749,-0.674185228725589,-0.0205652439736018,-0.0272600638702944,0.12862719001704,0.802328357946777,0.0258956267363324
"173",2.45862032495413,2.1876272694784,-0.916196480031311,-0.0179742916787975,-0.699237057686911,-0.678939794989932,-0.826866628391456,0.295682047378635,-0.325916860412247,0.273387534933231,0.607010545439211,0.0983633056155506,-0.258469201468403
"174",3.3610430460834,2.21005484019807,-0.34160588318499,-1.05554926085321,-0.572548807711111,1.10566945917502,0.955719862252666,0.145686503343311,0.0224343702792074,-0.303261895604296,-0.138836000201024,0.170305497987267,-0.114104734349725
"175",2.59463669227798,1.75228636129724,0.206997440027133,-0.348513307302165,0.254345699019347,0.0263909318239983,0.146480343343181,0.550873093739413,0.0976937927748679,-0.20548114909273,-0.257471452209283,-0.278645029260705,-0.186844213250843
"176",2.67030684549028,2.75313287400681,-0.938295058841166,-0.311157009656257,1.26777875114283,-0.27229979843719,0.677324753830806,-0.0468915289266344,-0.00121870903597765,-0.247299709032639,-0.511050412829817,0.696800859788707,0.0718749442135514
"177",2.38030254326328,2.29088436964069,-0.549147118845367,0.686348440967018,0.811665607706162,-1.17546712555975,0.632191932878966,-0.389729394155039,-0.0572860753994327,0.490106968664266,-0.298978585258565,0.338864756861325,-0.0218042533167685
"178",3.1997321036619,2.76113074733832,1.01106158064581,-0.595224130175431,-0.892674460352847,-0.295259293070685,0.00572510725654476,0.292089784014364,-0.739574172867737,-0.117637178514911,0.229317454081368,-0.188256912705172,-0.32305342548058
